{"gravity": [0.0, 0.0, -9.8100004196167], "rigid_bodys": [{"name": "Cube", "location": [0.0, 0.0, -0.7258315086364746], "quaternion": [1.0, 0.0, 0.0, 0.0], "static": false, "kinematic": true, "mass": 1.0, "friction": 0.5, "restitution": 0.0, "collision_shape": "BOX", "use_margin": false, "collision_margin": 0.03999999910593033, "group": 1, "mask": 1}, {"name": "Sphere", "location": [-0.6829953789710999, -0.4633398652076721, 1.6054463386535645], "quaternion": [1.0, 0.0, 0.0, 0.0], "static": false, "kinematic": false, "mass": 1.0, "friction": 0.5, "restitution": 0.0, "collision_shape": "SPHERE", "use_margin": false, "collision_margin": 0.03999999910593033, "group": 1, "mask": 1}, {"name": "Cylinder", "location": [0.9844881892204285, 0.39889734983444214, 1.6605823040008545], "quaternion": [1.0, 0.0, 0.0, 0.0], "static": false, "kinematic": true, "mass": 1.0, "friction": 0.5, "restitution": 0.0, "collision_shape": "BOX", "use_margin": false, "collision_margin": 0.03999999910593033, "group": 1, "mask": 1}], "constraints": [{"object1": "Sphere", "translation_offset_a": [0.6829953789710999, 0.4633398652076721, 0.053261518478393555], "rotation_offset_a": [1.0, 0.0, 0.0, 0.0], "object2": "Cylinder", "translation_offset_b": [-0.9844881892204285, -0.39889734983444214, -0.0018744468688964844], "rotation_offset_b": [1.0, 0.0, 0.0, 0.0], "type": "POINT", "enabled": true, "disable_collisions": true, "breaking_threshold": 10.0, "use_breaking": false, "use_override_solver_iterations": false, "solver_iterations": 10}]}